ensembl_id	source_symbol	feature_type	replayed_unique_symbol	ensembl_current_symbol	evidence_url
ENSG00000183291	15-Sep	Gene Expression	15-Sep	SELENOF	https://www.ensembl.org/Homo_sapiens/Gene/Summary?g=ENSG00000183291
ENSG00000117791	2-Mar	Gene Expression	2-Mar	MTARC2	https://www.ensembl.org/Homo_sapiens/Gene/Summary?g=ENSG00000117791
ENSG00000186205	1-Mar	Gene Expression	1-Mar	MTARC1	https://www.ensembl.org/Homo_sapiens/Gene/Summary?g=ENSG00000186205
ENSG00000186522	10-Sep	Gene Expression	10-Sep	SEPTIN10	https://www.ensembl.org/Homo_sapiens/Gene/Summary?g=ENSG00000186522
ENSG00000136536	7-Mar	Gene Expression	7-Mar	MARCHF7	https://www.ensembl.org/Homo_sapiens/Gene/Summary?g=ENSG00000136536
ENSG00000144583	4-Mar	Gene Expression	4-Mar	MARCHF4	https://www.ensembl.org/Homo_sapiens/Gene/Summary?g=ENSG00000144583
ENSG00000168385	2-Sep	Gene Expression	2-Sep	SEPTIN2	https://www.ensembl.org/Homo_sapiens/Gene/Summary?g=ENSG00000168385
ENSG00000138758	11-Sep	Gene Expression	11-Sep	SEPTIN11	https://www.ensembl.org/Homo_sapiens/Gene/Summary?g=ENSG00000138758
ENSG00000145416	1-Mar	Gene Expression	1-Mar.1	MARCHF1	https://www.ensembl.org/Homo_sapiens/Gene/Summary?g=ENSG00000145416
ENSG00000145495	6-Mar	Gene Expression	6-Mar	MARCHF6	https://www.ensembl.org/Homo_sapiens/Gene/Summary?g=ENSG00000145495
ENSG00000183654	11-Mar	Gene Expression	11-Mar	MARCHF11	https://www.ensembl.org/Homo_sapiens/Gene/Summary?g=ENSG00000183654
ENSG00000173926	3-Mar	Gene Expression	3-Mar	MARCHF3	https://www.ensembl.org/Homo_sapiens/Gene/Summary?g=ENSG00000173926
ENSG00000164402	8-Sep	Gene Expression	8-Sep	SEPTIN8	https://www.ensembl.org/Homo_sapiens/Gene/Summary?g=ENSG00000164402
ENSG00000122545	7-Sep	Gene Expression	7-Sep	SEPTIN7	https://www.ensembl.org/Homo_sapiens/Gene/Summary?g=ENSG00000122545
ENSG00000154997	14-Sep	Gene Expression	14-Sep	SEPTIN14	https://www.ensembl.org/Homo_sapiens/Gene/Summary?g=ENSG00000154997
ENSG00000125354	6-Sep	Gene Expression	6-Sep	SEPTIN6	https://www.ensembl.org/Homo_sapiens/Gene/Summary?g=ENSG00000125354
ENSG00000173077	1-Dec	Gene Expression	1-Dec	DELEC1	https://www.ensembl.org/Homo_sapiens/Gene/Summary?g=ENSG00000173077
ENSG00000165406	8-Mar	Gene Expression	8-Mar	MARCHF8	https://www.ensembl.org/Homo_sapiens/Gene/Summary?g=ENSG00000165406
ENSG00000198060	5-Mar	Gene Expression	5-Mar	MARCHF5	https://www.ensembl.org/Homo_sapiens/Gene/Summary?g=ENSG00000198060
ENSG00000139266	9-Mar	Gene Expression	9-Mar	MARCHF9	https://www.ensembl.org/Homo_sapiens/Gene/Summary?g=ENSG00000139266
ENSG00000140623	12-Sep	Gene Expression	12-Sep	SEPTIN12	https://www.ensembl.org/Homo_sapiens/Gene/Summary?g=ENSG00000140623
ENSG00000180096	1-Sep	Gene Expression	1-Sep	SEPTIN1	https://www.ensembl.org/Homo_sapiens/Gene/Summary?g=ENSG00000180096
ENSG00000108387	4-Sep	Gene Expression	4-Sep	SEPTIN4	https://www.ensembl.org/Homo_sapiens/Gene/Summary?g=ENSG00000108387
ENSG00000173838	10-Mar	Gene Expression	10-Mar	MARCHF10	https://www.ensembl.org/Homo_sapiens/Gene/Summary?g=ENSG00000173838
ENSG00000184640	9-Sep	Gene Expression	9-Sep	SEPTIN9	https://www.ensembl.org/Homo_sapiens/Gene/Summary?g=ENSG00000184640
ENSG00000099785	2-Mar	Gene Expression	2-Mar.1	MARCHF2	https://www.ensembl.org/Homo_sapiens/Gene/Summary?g=ENSG00000099785
ENSG00000184702	5-Sep	Gene Expression	5-Sep	SEPTIN5	https://www.ensembl.org/Homo_sapiens/Gene/Summary?g=ENSG00000184702
ENSG00000100167	3-Sep	Gene Expression	3-Sep	SEPTIN3	https://www.ensembl.org/Homo_sapiens/Gene/Summary?g=ENSG00000100167
