Data_object	Condition	Source	Tissue	Specimens	Cells	Immune_denominator	Object_code
Atopic_Dermatitis_GSE222840_SkinBiopsy	AD	GSE222840	SkinBiopsy	5	50842	10106	O01
AIH_GSM6658039_PBMC	AIH	GSM6658039	PBMC	1	2971	2958	O02
Atopic_Prurigo_GSE222840_SkinBiopsy	AP	GSE222840	SkinBiopsy	1	8382	2906	O03
AS_GSE216883_PBMC_SFMC	AS	GSE216883	PBMC_SFMC	7	60748	60363	O04
SV_GSE198616_PBMC_RNA	BD	GSE198616	PBMC	4	20375	19423	O05
BD_scidb_aqueous_humour	BD(Uveitis)	https://cstr.cn/31253.11.sciencedb.02341	aqueous_humour	3	15779	15709	O06
BP_zenodo_Blister	BP	zenodo:10924853	Blister	4	18382	18382	O07
BP_zenodo_PBMC	BP	zenodo:10924853	PBMC	8	43752	43052	O08
BP_zenodo_Skin	BP	zenodo:10924853	Skin	5	17760	2710	O09
IBD_GSE134809_PBMC	CD	GSE134809	PBMC	9	29929	29313	O10
IBD_CD_HRA000072_colon	CD	HRA000072	colon	6	14878	11216	O11
IBD_E-MTAB-8901_ileum	CD	E-MTAB-8901	ileum	7	19189	14614	O12
IBD_GSE134809_ileum	CD	GSE134809	ileum	11	24407	21831	O13
IBD_GSE121380_colon	CI	GSE121380	colon	7	32679	31536	O14
IBD_CI_HRA000072_colon	CI	HRA000072	colon	12	39033	33225	O15
DLE_GSE179633_Skin_Dermal	DLE	GSE179633	Skin_Dermal	5	42482	32798	O16
DLE_GSE179633_Skin_Epidermal	DLE	GSE179633	Skin_Epidermal	5	27004	15021	O17
Gout_GSE211783_PBMC	Gout	GSE211783	PBMC	6	49691	49247	O18
Gout_GSE217561_PBMC	Gout	GSE217561	PBMC	6	60221	59602	O19
Gout_PRJNA861849_PBMC	Gout	PRJNA861849	PBMC	7	68231	67376	O20
Gout_PRJNA861849_SFMC	Gout	PRJNA861849	SFMC	3	1412	1412	O21
JIA_GSE205095_PBMC	JIA	GSE205095	PBMC	12	39908	39432	O22
LS_GSE160536_Skin	LS	GSE160536	Skin	6	10109	3433	O23
Lyme_GSE166796_Skin	Lyme	GSE166796	Skin	6	40001	23920	O24
PN_GSE233280_Skin	PN	GSE233280	Skin	6	29417	2684	O25
Prurigo_Nodularis_GSE222840_SkinBiopsy	PN	GSE222840	SkinBiopsy	7	60626	7819	O26
PSO_GSE151177_Skin	PSO	GSE151177	Skin	17	14438	9867	O27
PSO_GSE162183_Skin	PSO	GSE162183	Skin	3	6096	1316	O28
PSO_GSE220116_Skin	PSO	GSE220116	Skin	17	18868	10310	O29
AS_E.MTAB.8207_PBMC	PsA	E-MTAB-8207	PBMC	3	15912	15493	O30
AS_E.MTAB.8207_SFMC	PsA	E-MTAB-8207	SFMC	1	2729	2672	O31
RA_GSE159117_PBMC	RA	GSE159117	PBMC	1	10116	9350	O32
RA_syn26710600_synovial	RA	syn26710600	synovial	84	274487	188282	O33
SLE_GSE135779_PBMC	SLE	GSE135779	PBMC	40	223250	219896	O34
SLE_GSE174188_PBMC	SLE	GSE174188	PBMC	162	664791	661984	O35
SLE_GSE179633_Skin_Dermal	SLE	GSE179633	Skin_Dermal	7	82535	26575	O36
SLE_GSE179633_Skin_Epidermal	SLE	GSE179633	Skin_Epidermal	5	22542	9911	O37
SSs_GSE128169_Lung	SSc	GSE128169	Lung	8	22054	13087	O38
SSs_GSE212109_Lung	SSc	GSE212109	Lung	5	12324	6065	O39
SSs_GSE138669_Skin	SSc	GSE138669	Skin	12	22129	2994	O40
T1DM_GSE221297_PBMC	T1D	GSE221297	PBMC	9	86992	84641	O41
T1DM_syn53641849_PBMC	T1D	syn53641849	PBMC	46	75746	75347	O42
IBD_GSE125527_PBMC	UC	GSE125527	PBMC	6	47351	47283	O43
IBD_UC_HRA000072_colon	UC	HRA000072	colon	4	15032	10774	O44
IBD_SCP259_colon	UC	SCP259	colon	21	31803	23946	O45
IBD_GSE125527_rectum	UC	GSE125527	rectum	7	35210	35047	O46
VKHD_scidb_aqueous_humour	VKHD(Uveitis)	https://cstr.cn/31253.11.sciencedb.02341	aqueous_humour	3	30300	29697	O47
SS_GSE157278_PBMC	pSS	GSE157278	PBMC	5	29567	29200	O48
