figure	panel	key_type	index	source_label	display_label	source_file
Figure3	A	gene	1	CD3D	CD3D	/home/data/KWQ/审稿意见/图件与数据QC完善-2026-09-17/figures/source_panels/Fig3A_TNK_layer1_MarkerPlot.pdf
Figure3	A	gene	2	CD3E	CD3E	/home/data/KWQ/审稿意见/图件与数据QC完善-2026-09-17/figures/source_panels/Fig3A_TNK_layer1_MarkerPlot.pdf
Figure3	A	gene	3	CD3G	CD3G	/home/data/KWQ/审稿意见/图件与数据QC完善-2026-09-17/figures/source_panels/Fig3A_TNK_layer1_MarkerPlot.pdf
Figure3	A	gene	4	CD8A	CD8A	/home/data/KWQ/审稿意见/图件与数据QC完善-2026-09-17/figures/source_panels/Fig3A_TNK_layer1_MarkerPlot.pdf
Figure3	A	gene	5	CD8B	CD8B	/home/data/KWQ/审稿意见/图件与数据QC完善-2026-09-17/figures/source_panels/Fig3A_TNK_layer1_MarkerPlot.pdf
Figure3	A	gene	6	CD4	CD4	/home/data/KWQ/审稿意见/图件与数据QC完善-2026-09-17/figures/source_panels/Fig3A_TNK_layer1_MarkerPlot.pdf
Figure3	A	gene	7	CD40LG	CD40LG	/home/data/KWQ/审稿意见/图件与数据QC完善-2026-09-17/figures/source_panels/Fig3A_TNK_layer1_MarkerPlot.pdf
Figure3	A	gene	8	NCAM1	NCAM1	/home/data/KWQ/审稿意见/图件与数据QC完善-2026-09-17/figures/source_panels/Fig3A_TNK_layer1_MarkerPlot.pdf
Figure3	A	gene	9	FCGR3A	FCGR3A	/home/data/KWQ/审稿意见/图件与数据QC完善-2026-09-17/figures/source_panels/Fig3A_TNK_layer1_MarkerPlot.pdf
Figure3	A	gene	10	NCR1	NCR1	/home/data/KWQ/审稿意见/图件与数据QC完善-2026-09-17/figures/source_panels/Fig3A_TNK_layer1_MarkerPlot.pdf
Figure3	A	gene	11	MKI67	MKI67	/home/data/KWQ/审稿意见/图件与数据QC完善-2026-09-17/figures/source_panels/Fig3A_TNK_layer1_MarkerPlot.pdf
Figure3	A	gene	12	CDK1	CDK1	/home/data/KWQ/审稿意见/图件与数据QC完善-2026-09-17/figures/source_panels/Fig3A_TNK_layer1_MarkerPlot.pdf
Figure3	A	gene	13	UBE2C	UBE2C	/home/data/KWQ/审稿意见/图件与数据QC完善-2026-09-17/figures/source_panels/Fig3A_TNK_layer1_MarkerPlot.pdf
Figure3	A	cell_group	1	Cycling	Cycling	/home/data/KWQ/审稿意见/图件与数据QC完善-2026-09-17/figures/source_panels/Fig3A_TNK_layer1_MarkerPlot.pdf
Figure3	A	cell_group	2	NK	NK	/home/data/KWQ/审稿意见/图件与数据QC完善-2026-09-17/figures/source_panels/Fig3A_TNK_layer1_MarkerPlot.pdf
Figure3	A	cell_group	3	CD4_T	CD4_T	/home/data/KWQ/审稿意见/图件与数据QC完善-2026-09-17/figures/source_panels/Fig3A_TNK_layer1_MarkerPlot.pdf
Figure3	A	cell_group	4	CD8_T	CD8_T	/home/data/KWQ/审稿意见/图件与数据QC完善-2026-09-17/figures/source_panels/Fig3A_TNK_layer1_MarkerPlot.pdf
Figure3	B	gene	1	CCR7	CCR7	/home/data/KWQ/审稿意见/图件与数据QC完善-2026-09-17/figures/source_panels/Fig3B_CD4T_MarkerPlot.pdf
Figure3	B	gene	2	SELL	SELL	/home/data/KWQ/审稿意见/图件与数据QC完善-2026-09-17/figures/source_panels/Fig3B_CD4T_MarkerPlot.pdf
Figure3	B	gene	3	LEF1	LEF1	/home/data/KWQ/审稿意见/图件与数据QC完善-2026-09-17/figures/source_panels/Fig3B_CD4T_MarkerPlot.pdf
Figure3	B	gene	4	TCF7	TCF7	/home/data/KWQ/审稿意见/图件与数据QC完善-2026-09-17/figures/source_panels/Fig3B_CD4T_MarkerPlot.pdf
Figure3	B	gene	5	FOSB	FOSB	/home/data/KWQ/审稿意见/图件与数据QC完善-2026-09-17/figures/source_panels/Fig3B_CD4T_MarkerPlot.pdf
Figure3	B	gene	6	FOS	FOS	/home/data/KWQ/审稿意见/图件与数据QC完善-2026-09-17/figures/source_panels/Fig3B_CD4T_MarkerPlot.pdf
Figure3	B	gene	7	TBX21	TBX21	/home/data/KWQ/审稿意见/图件与数据QC完善-2026-09-17/figures/source_panels/Fig3B_CD4T_MarkerPlot.pdf
Figure3	B	gene	8	IFNG	IFNG	/home/data/KWQ/审稿意见/图件与数据QC完善-2026-09-17/figures/source_panels/Fig3B_CD4T_MarkerPlot.pdf
Figure3	B	gene	9	CXCR3	CXCR3	/home/data/KWQ/审稿意见/图件与数据QC完善-2026-09-17/figures/source_panels/Fig3B_CD4T_MarkerPlot.pdf
Figure3	B	gene	10	GATA3	GATA3	/home/data/KWQ/审稿意见/图件与数据QC完善-2026-09-17/figures/source_panels/Fig3B_CD4T_MarkerPlot.pdf
Figure3	B	gene	11	IL17RB	IL17RB	/home/data/KWQ/审稿意见/图件与数据QC完善-2026-09-17/figures/source_panels/Fig3B_CD4T_MarkerPlot.pdf
Figure3	B	gene	12	PTGDR2	PTGDR2	/home/data/KWQ/审稿意见/图件与数据QC完善-2026-09-17/figures/source_panels/Fig3B_CD4T_MarkerPlot.pdf
Figure3	B	gene	13	RORC	RORC	/home/data/KWQ/审稿意见/图件与数据QC完善-2026-09-17/figures/source_panels/Fig3B_CD4T_MarkerPlot.pdf
Figure3	B	gene	14	CCL20	CCL20	/home/data/KWQ/审稿意见/图件与数据QC完善-2026-09-17/figures/source_panels/Fig3B_CD4T_MarkerPlot.pdf
Figure3	B	gene	15	IL23R	IL23R	/home/data/KWQ/审稿意见/图件与数据QC完善-2026-09-17/figures/source_panels/Fig3B_CD4T_MarkerPlot.pdf
Figure3	B	gene	16	CXCR5	CXCR5	/home/data/KWQ/审稿意见/图件与数据QC完善-2026-09-17/figures/source_panels/Fig3B_CD4T_MarkerPlot.pdf
Figure3	B	gene	17	BCL6	BCL6	/home/data/KWQ/审稿意见/图件与数据QC完善-2026-09-17/figures/source_panels/Fig3B_CD4T_MarkerPlot.pdf
Figure3	B	gene	18	CXCL13	CXCL13	/home/data/KWQ/审稿意见/图件与数据QC完善-2026-09-17/figures/source_panels/Fig3B_CD4T_MarkerPlot.pdf
Figure3	B	gene	19	FOXP3	FOXP3	/home/data/KWQ/审稿意见/图件与数据QC完善-2026-09-17/figures/source_panels/Fig3B_CD4T_MarkerPlot.pdf
Figure3	B	gene	20	IL2RA	IL2RA	/home/data/KWQ/审稿意见/图件与数据QC完善-2026-09-17/figures/source_panels/Fig3B_CD4T_MarkerPlot.pdf
Figure3	B	gene	21	CTLA4	CTLA4	/home/data/KWQ/审稿意见/图件与数据QC完善-2026-09-17/figures/source_panels/Fig3B_CD4T_MarkerPlot.pdf
Figure3	B	cell_group	1	CD4_Treg	CD4_Treg	/home/data/KWQ/审稿意见/图件与数据QC完善-2026-09-17/figures/source_panels/Fig3B_CD4T_MarkerPlot.pdf
Figure3	B	cell_group	2	CD4_Tfh	CD4_Tfh	/home/data/KWQ/审稿意见/图件与数据QC完善-2026-09-17/figures/source_panels/Fig3B_CD4T_MarkerPlot.pdf
Figure3	B	cell_group	3	CD4_Th17	CD4_Th17	/home/data/KWQ/审稿意见/图件与数据QC完善-2026-09-17/figures/source_panels/Fig3B_CD4T_MarkerPlot.pdf
Figure3	B	cell_group	4	CD4_Th2	CD4_Th2	/home/data/KWQ/审稿意见/图件与数据QC完善-2026-09-17/figures/source_panels/Fig3B_CD4T_MarkerPlot.pdf
Figure3	B	cell_group	5	CD4_Th1	CD4_Th1	/home/data/KWQ/审稿意见/图件与数据QC完善-2026-09-17/figures/source_panels/Fig3B_CD4T_MarkerPlot.pdf
Figure3	B	cell_group	6	CD4_Temra	CD4_Temra	/home/data/KWQ/审稿意见/图件与数据QC完善-2026-09-17/figures/source_panels/Fig3B_CD4T_MarkerPlot.pdf
Figure3	B	cell_group	7	CD4_Tem	CD4_Tem	/home/data/KWQ/审稿意见/图件与数据QC完善-2026-09-17/figures/source_panels/Fig3B_CD4T_MarkerPlot.pdf
Figure3	B	cell_group	8	CD4_Te	CD4_Te	/home/data/KWQ/审稿意见/图件与数据QC完善-2026-09-17/figures/source_panels/Fig3B_CD4T_MarkerPlot.pdf
Figure3	B	cell_group	9	CD4_Tn	CD4_Tn	/home/data/KWQ/审稿意见/图件与数据QC完善-2026-09-17/figures/source_panels/Fig3B_CD4T_MarkerPlot.pdf
Figure3	C	gene	1	CCR7	CCR7	/home/data/KWQ/审稿意见/图件与数据QC完善-2026-09-17/figures/source_panels/Fig3C_CD8T_MarkerPlot.pdf
Figure3	C	gene	2	SELL	SELL	/home/data/KWQ/审稿意见/图件与数据QC完善-2026-09-17/figures/source_panels/Fig3C_CD8T_MarkerPlot.pdf
Figure3	C	gene	3	LEF1	LEF1	/home/data/KWQ/审稿意见/图件与数据QC完善-2026-09-17/figures/source_panels/Fig3C_CD8T_MarkerPlot.pdf
Figure3	C	gene	4	CD27	CD27	/home/data/KWQ/审稿意见/图件与数据QC完善-2026-09-17/figures/source_panels/Fig3C_CD8T_MarkerPlot.pdf
Figure3	C	gene	5	GZMK	GZMK	/home/data/KWQ/审稿意见/图件与数据QC完善-2026-09-17/figures/source_panels/Fig3C_CD8T_MarkerPlot.pdf
Figure3	C	gene	6	FCGR3A	FCGR3A	/home/data/KWQ/审稿意见/图件与数据QC完善-2026-09-17/figures/source_panels/Fig3C_CD8T_MarkerPlot.pdf
Figure3	C	gene	7	KLRG1	KLRG1	/home/data/KWQ/审稿意见/图件与数据QC完善-2026-09-17/figures/source_panels/Fig3C_CD8T_MarkerPlot.pdf
Figure3	C	gene	8	FGFBP2	FGFBP2	/home/data/KWQ/审稿意见/图件与数据QC完善-2026-09-17/figures/source_panels/Fig3C_CD8T_MarkerPlot.pdf
Figure3	C	gene	9	CX3CR1	CX3CR1	/home/data/KWQ/审稿意见/图件与数据QC完善-2026-09-17/figures/source_panels/Fig3C_CD8T_MarkerPlot.pdf
Figure3	C	gene	10	PRF1	PRF1	/home/data/KWQ/审稿意见/图件与数据QC完善-2026-09-17/figures/source_panels/Fig3C_CD8T_MarkerPlot.pdf
Figure3	C	gene	11	XCL1	XCL1	/home/data/KWQ/审稿意见/图件与数据QC完善-2026-09-17/figures/source_panels/Fig3C_CD8T_MarkerPlot.pdf
Figure3	C	gene	12	XCL2	XCL2	/home/data/KWQ/审稿意见/图件与数据QC完善-2026-09-17/figures/source_panels/Fig3C_CD8T_MarkerPlot.pdf
Figure3	C	gene	13	PDCD1	PDCD1	/home/data/KWQ/审稿意见/图件与数据QC完善-2026-09-17/figures/source_panels/Fig3C_CD8T_MarkerPlot.pdf
Figure3	C	gene	14	HAVCR2	HAVCR2	/home/data/KWQ/审稿意见/图件与数据QC完善-2026-09-17/figures/source_panels/Fig3C_CD8T_MarkerPlot.pdf
Figure3	C	gene	15	LAG3	LAG3	/home/data/KWQ/审稿意见/图件与数据QC完善-2026-09-17/figures/source_panels/Fig3C_CD8T_MarkerPlot.pdf
Figure3	C	gene	16	TIGIT	TIGIT	/home/data/KWQ/审稿意见/图件与数据QC完善-2026-09-17/figures/source_panels/Fig3C_CD8T_MarkerPlot.pdf
Figure3	C	gene	17	CTLA4	CTLA4	/home/data/KWQ/审稿意见/图件与数据QC完善-2026-09-17/figures/source_panels/Fig3C_CD8T_MarkerPlot.pdf
Figure3	C	gene	18	ENTPD1	ENTPD1	/home/data/KWQ/审稿意见/图件与数据QC完善-2026-09-17/figures/source_panels/Fig3C_CD8T_MarkerPlot.pdf
Figure3	C	gene	19	ISG15	ISG15	/home/data/KWQ/审稿意见/图件与数据QC完善-2026-09-17/figures/source_panels/Fig3C_CD8T_MarkerPlot.pdf
Figure3	C	gene	20	IFI6	IFI6	/home/data/KWQ/审稿意见/图件与数据QC完善-2026-09-17/figures/source_panels/Fig3C_CD8T_MarkerPlot.pdf
Figure3	C	gene	21	IFI44L	IFI44L	/home/data/KWQ/审稿意见/图件与数据QC完善-2026-09-17/figures/source_panels/Fig3C_CD8T_MarkerPlot.pdf
Figure3	C	gene	22	TRAV1−2	TRAV1−2	/home/data/KWQ/审稿意见/图件与数据QC完善-2026-09-17/figures/source_panels/Fig3C_CD8T_MarkerPlot.pdf
Figure3	C	gene	23	IL18R1	IL18R1	/home/data/KWQ/审稿意见/图件与数据QC完善-2026-09-17/figures/source_panels/Fig3C_CD8T_MarkerPlot.pdf
Figure3	C	gene	24	ZBTB16	ZBTB16	/home/data/KWQ/审稿意见/图件与数据QC完善-2026-09-17/figures/source_panels/Fig3C_CD8T_MarkerPlot.pdf
Figure3	C	cell_group	1	MAIT	MAIT	/home/data/KWQ/审稿意见/图件与数据QC完善-2026-09-17/figures/source_panels/Fig3C_CD8T_MarkerPlot.pdf
Figure3	C	cell_group	2	CD8_ISGs	CD8_ISGs	/home/data/KWQ/审稿意见/图件与数据QC完善-2026-09-17/figures/source_panels/Fig3C_CD8T_MarkerPlot.pdf
Figure3	C	cell_group	3	CD8_TerTex	CD8_TerTex	/home/data/KWQ/审稿意见/图件与数据QC完善-2026-09-17/figures/source_panels/Fig3C_CD8T_MarkerPlot.pdf
Figure3	C	cell_group	4	CD8_Tex	CD8_Tex	/home/data/KWQ/审稿意见/图件与数据QC完善-2026-09-17/figures/source_panels/Fig3C_CD8T_MarkerPlot.pdf
Figure3	C	cell_group	5	CD8_MenTex	CD8_MemTex	/home/data/KWQ/审稿意见/图件与数据QC完善-2026-09-17/figures/source_panels/Fig3C_CD8T_MarkerPlot.pdf
Figure3	C	cell_group	6	CD8_Trm	CD8_Trm	/home/data/KWQ/审稿意见/图件与数据QC完善-2026-09-17/figures/source_panels/Fig3C_CD8T_MarkerPlot.pdf
Figure3	C	cell_group	7	CD8_Temra	CD8_Temra	/home/data/KWQ/审稿意见/图件与数据QC完善-2026-09-17/figures/source_panels/Fig3C_CD8T_MarkerPlot.pdf
Figure3	C	cell_group	8	CD8_Tem	CD8_Tem	/home/data/KWQ/审稿意见/图件与数据QC完善-2026-09-17/figures/source_panels/Fig3C_CD8T_MarkerPlot.pdf
Figure3	C	cell_group	9	CD8_Tm	CD8_Tm	/home/data/KWQ/审稿意见/图件与数据QC完善-2026-09-17/figures/source_panels/Fig3C_CD8T_MarkerPlot.pdf
Figure3	C	cell_group	10	CD8_Tn	CD8_Tn	/home/data/KWQ/审稿意见/图件与数据QC完善-2026-09-17/figures/source_panels/Fig3C_CD8T_MarkerPlot.pdf
Figure3	D	gene	1	MS4A1	MS4A1	/home/data/KWQ/审稿意见/图件与数据QC完善-2026-09-17/figures/source_panels/Fig3D_BPlasma_layer1_MarkerPlot.pdf
Figure3	D	gene	2	CD79A	CD79A	/home/data/KWQ/审稿意见/图件与数据QC完善-2026-09-17/figures/source_panels/Fig3D_BPlasma_layer1_MarkerPlot.pdf
Figure3	D	gene	3	BCL6	BCL6	/home/data/KWQ/审稿意见/图件与数据QC完善-2026-09-17/figures/source_panels/Fig3D_BPlasma_layer1_MarkerPlot.pdf
Figure3	D	gene	4	MKI67	MKI67	/home/data/KWQ/审稿意见/图件与数据QC完善-2026-09-17/figures/source_panels/Fig3D_BPlasma_layer1_MarkerPlot.pdf
Figure3	D	gene	5	AICDA	AICDA	/home/data/KWQ/审稿意见/图件与数据QC完善-2026-09-17/figures/source_panels/Fig3D_BPlasma_layer1_MarkerPlot.pdf
Figure3	D	gene	6	MZB1	MZB1	/home/data/KWQ/审稿意见/图件与数据QC完善-2026-09-17/figures/source_panels/Fig3D_BPlasma_layer1_MarkerPlot.pdf
Figure3	D	gene	7	XBP1	XBP1	/home/data/KWQ/审稿意见/图件与数据QC完善-2026-09-17/figures/source_panels/Fig3D_BPlasma_layer1_MarkerPlot.pdf
Figure3	D	cell_group	1	Plasma cells	Plasma cells	/home/data/KWQ/审稿意见/图件与数据QC完善-2026-09-17/figures/source_panels/Fig3D_BPlasma_layer1_MarkerPlot.pdf
Figure3	D	cell_group	2	Germinal center B cells	Germinal center B cells	/home/data/KWQ/审稿意见/图件与数据QC完善-2026-09-17/figures/source_panels/Fig3D_BPlasma_layer1_MarkerPlot.pdf
Figure3	D	cell_group	3	B cells	B cells	/home/data/KWQ/审稿意见/图件与数据QC完善-2026-09-17/figures/source_panels/Fig3D_BPlasma_layer1_MarkerPlot.pdf
